{"f1": 0.697964203229785, "precision": 0.7138725919832555, "recall": 0.6836555360281195}