{"f1": 0.5965084505032274, "precision": 0.7789470987022682, "recall": 0.4908579465541491}