{"f1": 0.7408647101202247, "precision": 0.7229632682884093, "recall": 0.7628676470588235}