{"f1": 0.7426851209133583, "precision": 0.7221288524595224, "recall": 0.7665441176470589}