{"f1": 0.6223560098307463, "precision": 0.7761552667567931, "recall": 0.5250737463126843}