{"f1": 0.6955162837947098, "precision": 0.7009021777462521, "recall": 0.6911764705882353}