{"f1": 0.6854352303051398, "precision": 0.6833988986548336, "recall": 0.6875}