{"f1": 0.7072932097358577, "precision": 0.7344939553594493, "recall": 0.6930147058823529}